Alexander Hulpke <hulpke@math.colostate.edu> <hulpke@colostate.edu>
Olexandr Konovalov <olexandr-konovalov@users.noreply.github.com> <alex-konovalov@users.noreply.github.com>
Olexandr Konovalov <olexandr-konovalov@users.noreply.github.com> <alexk@cs.st-andrews.ac.uk>
Olexandr Konovalov <olexandr-konovalov@users.noreply.github.com> <alexk@mcs.st-andrews.ac.uk>
Olexandr Konovalov <olexandr-konovalov@users.noreply.github.com> <5751387+olexandr-konovalov@users.noreply.github.com>
Andreas Distler <adistler@fc.ul.pt> <andreas@mcs.st-and.ac.uk>
Burkhard Höfling <burkhard@hoefling.name> <bh11@users.noreply.github.com>
Chris Jefferson <caj21@st-andrews.ac.uk>
Chris Jefferson <caj21@st-andrews.ac.uk> <chris@bubblescope.net>
Chris Wensley <cdwensley.maths@btinternet.com> <cwensley1234@btinternet.com>
Christopher Russell <cr66@st-andrews.ac.uk>
Daniel Rademacher <rademacher@art.rwth-aachen.de> <33546089+danielrademacher@users.noreply.github.com>
Dmitrii Pasechnik <dima@pasechnik.info>
Dmitrii Pasechnik <dima@pasechnik.info> <dimpase@gmail.com>
Dmitrii Pasechnik <dima@pasechnik.info> <Dmitrii.Pasechnik@cs.ox.ac.uk>
Dominik Bernhardt <dominik.bernhardt@rwth-aachen.de>
Dominik Bernhardt <dominik.bernhardt@rwth-aachen.de> <bernhardt@mathb.rwth-aachen.de>
Dominik Bernhardt <dominik.bernhardt@rwth-aachen.de> <dominik.bernhardt@rwth.aachen.de>
E. Madison Bray <erik.bray@lri.fr>
Frank Lübeck <frank.luebeck@math.rwth-aachen.de> <Frank.Luebeck@math.rwth-aachen.de>
Gábor Horváth <ghorvath@science.unideb.hu> <hungaborhorvath@gmail.com>
Jack Schmidt <jack@ms.uky.edu> <1107865+jackschmidt@users.noreply.github.com>
James Mitchell <jdm3@st-and.ac.uk> <james-d-mitchell@users.noreply.github.com>
James Mitchell <jdm3@st-and.ac.uk> <jdm3@st-andrews.ac.uk>
James Mitchell <jdm3@st-and.ac.uk> <jenkyfunds@gmail.com>
James Williams <flowersinabox@hotmail.com>
John McDermott <jjm@mcs.st-andrews.ac.uk> <jjm@mcs.st-and.ac.uk>
Laurent Bartholdi <laurent.bartholdi@gmail.com>
Lucas Wollenhaupt <github@wucas.de> <git@wucas.de>
Lucas Wollenhaupt <github@wucas.de> <reg-github@wucas.de>
Lucas Wollenhaupt <github@wucas.de> <lucas@Lucas-MacBook-Pro.local>
Markus Pfeiffer <markus.pfeiffer@st-andrews.ac.uk> <markus.pfeiffer@morphism.de>
Markus Pfeiffer <markus.pfeiffer@st-andrews.ac.uk> <markusp@mcs.st-andrews.ac.uk>
Markus Pfeiffer <markus.pfeiffer@st-andrews.ac.uk> <markuspf@users.noreply.github.com>
Max Horn <max@quendi.de> <max.horn@math.uni-giessen.de>
Max Neunhöffer <neunhoef@mcs.st-and.ac.uk>
Michael Young <mct25@st-andrews.ac.uk>
Paula Hähndel <paula.haehndel@mathematik.uni-halle.de>
Russ Woodroofe <37375486+RussWoodroofe@users.noreply.github.com>
Sebastian Gutsche <gutsche@mathematik.uni-siegen.de> <gutsche@momo.math.rwth-aachen.de>
Sergio Siccha <sergio.siccha@posteo.net>
Sergio Siccha <sergio.siccha@posteo.net> <sergio.siccha@gmail.com>
Sergio Siccha <sergio.siccha@posteo.net> <siccha@mathematik.uni-kl.de>
Stefan Kohl <stefan@mcs.st-and.ac.uk> <stefan@campbell.mcs.st-andrews.ac.uk>
Steve Linton <steve.linton@st-andrews.ac.uk>
Steve Linton <steve.linton@st-andrews.ac.uk> <ab8e9259@opayq.com>
Steve Linton <steve.linton@st-andrews.ac.uk> <sal@cs.st-andrews.ac.uk>
Thomas Breuer <sam@math.rwth-aachen.de>
Willem de Graaf <degraaf@science.unitn.it> <degraaf9@gmail.com>
Willem de Graaf <degraaf@science.unitn.it> <willemdegraaf@users.noreply.github.com>
